fdc_id,data_type,description,food_category_id,publication_date
167512,sr_legacy_food,"Pillsbury Golden Layer Buttermilk Biscuits, Artificial Flavor, refrigerated dough",18,01-04-2019
167513,sr_legacy_food,"Pillsbury, Cinnamon Rolls with Icing, refrigerated dough",18,01-04-2019
167514,sr_legacy_food,"Kraft Foods, Shake N Bake Original Recipe, Coating for Pork, dry",18,01-04-2019
167515,sr_legacy_food,"George Weston Bakeries, Thomas English Muffins",18,01-04-2019
167516,sr_legacy_food,"Waffles, buttermilk, frozen, ready-to-heat",18,01-04-2019
167517,sr_legacy_food,"Waffle, buttermilk, frozen, ready-to-heat, toasted",18,01-04-2019
167518,sr_legacy_food,"Waffle, buttermilk, frozen, ready-to-heat, microwaved",18,01-04-2019
167519,sr_legacy_food,"Waffle, plain, frozen, ready-to-heat, microwave",18,01-04-2019
167520,sr_legacy_food,"Pie Crust, Cookie-type, Graham Cracker, Ready Crust",18,01-04-2019
167521,sr_legacy_food,"Pie Crust, Cookie-type, Chocolate, Ready Crust",18,01-04-2019
167522,sr_legacy_food,"Pie, Dutch Apple, Commercially Prepared",18,01-04-2019
167523,sr_legacy_food,"Pie crust, deep dish, frozen, unbaked, made with enriched flour",18,01-04-2019
167524,sr_legacy_food,"Waffles, chocolate chip, frozen, ready-to-heat",18,01-04-2019
167525,sr_legacy_food,"Tostada shells, corn",18,01-04-2019
167526,sr_legacy_food,"Bread, salvadoran sweet cheese (quesadilla salvadorena)",18,01-04-2019
167527,sr_legacy_food,"Bread, pound cake type, pan de torta salvadoran",18,01-04-2019
167528,sr_legacy_food,"Pastry, Pastelitos de Guava (guava pastries)",18,01-04-2019
167529,sr_legacy_food,"Crackers, snack, Goya Crackers",18,01-04-2019
167530,sr_legacy_food,"Crackers, cream, Gamesa Sabrosas",18,01-04-2019
167531,sr_legacy_food,"Crackers, cream, La Moderna Rikis Cream Crackers",18,01-04-2019
167532,sr_legacy_food,"Bread, white wheat",18,01-04-2019
167533,sr_legacy_food,"Bagels, wheat",18,01-04-2019
167534,sr_legacy_food,"Cream puff, eclair, custard or cream filled, iced",18,01-04-2019
167535,sr_legacy_food,"Tortillas, ready-to-bake or -fry, flour, shelf stable",18,01-04-2019
167536,sr_legacy_food,"Snacks, beef jerky, chopped and formed",23,01-04-2019
167537,sr_legacy_food,"Snacks, corn-based, extruded, chips, plain",23,01-04-2019
167538,sr_legacy_food,"Snacks, corn-based, extruded, chips, barbecue-flavor",23,01-04-2019
167539,sr_legacy_food,"Snacks, corn-based, extruded, cones, plain",23,01-04-2019
167540,sr_legacy_food,"Snacks, fruit leather, pieces",19,01-04-2019
167541,sr_legacy_food,"Snacks, fruit leather, rolls",19,01-04-2019
167542,sr_legacy_food,"Snacks, granola bars, hard, plain",23,01-04-2019
167543,sr_legacy_food,"Snacks, granola bars, hard, almond",23,01-04-2019
167544,sr_legacy_food,"Snacks, granola bars, soft, uncoated, raisin",23,01-04-2019
167545,sr_legacy_food,"Snacks, granola bars, soft, coated, milk chocolate coating, chocolate chip",23,01-04-2019
167546,sr_legacy_food,"Candies, honey-combed, with peanut butter",19,01-04-2019
167547,sr_legacy_food,"Snacks, granola bars, soft, coated, milk chocolate coating, peanut butter",23,01-04-2019
167548,sr_legacy_food,"Snacks, granola bars, soft, uncoated, peanut butter and chocolate chip",23,01-04-2019
167549,sr_legacy_food,"Snacks, popcorn, oil-popped, microwave, regular flavor, no trans fat",23,01-04-2019
167550,sr_legacy_food,"Snacks, popcorn, cakes",23,01-04-2019
167551,sr_legacy_food,"Snacks, popcorn, caramel-coated, with peanuts",23,01-04-2019
167552,sr_legacy_food,"Snacks, popcorn, caramel-coated, without peanuts",23,01-04-2019
167553,sr_legacy_food,"Snacks, potato chips, made from dried potatoes, reduced fat",23,01-04-2019
167554,sr_legacy_food,"Snacks, potato chips, made from dried potatoes, sour-cream and onion-flavor",23,01-04-2019
167555,sr_legacy_food,"Snacks, pretzels, hard, plain, salted",23,01-04-2019
167556,sr_legacy_food,"Snacks, pretzels, hard, confectioner's coating, chocolate-flavor",23,01-04-2019
167557,sr_legacy_food,"Snacks, rice cakes, brown rice, sesame seed",23,01-04-2019
167558,sr_legacy_food,"Snacks, tortilla chips, plain, white corn, salted",23,01-04-2019
167559,sr_legacy_food,"Snacks, tortilla chips, nacho cheese",23,01-04-2019
167560,sr_legacy_food,"Snacks, tortilla chips, ranch-flavor",23,01-04-2019
167561,sr_legacy_food,"Snacks, trail mix, regular",23,01-04-2019
167562,sr_legacy_food,"Candies, ALMOND JOY Candy Bar",19,01-04-2019
167563,sr_legacy_food,"Candies, TWIZZLERS CHERRY BITES",19,01-04-2019
167564,sr_legacy_food,"Candies, NESTLE, BIT-O'-HONEY Candy Chews",19,01-04-2019
167565,sr_legacy_food,"Candies, NESTLE, BUTTERFINGER Bar",19,01-04-2019
167566,sr_legacy_food,"Candies, caramels, chocolate-flavor roll",19,01-04-2019
167567,sr_legacy_food,"Baking chocolate, unsweetened, liquid",19,01-04-2019
167568,sr_legacy_food,"Baking chocolate, unsweetened, squares",19,01-04-2019
167569,sr_legacy_food,"Candies, confectioner's coating, yogurt",19,01-04-2019
167570,sr_legacy_food,"Candies, confectioner's coating, peanut butter",19,01-04-2019
167571,sr_legacy_food,"Candies, white chocolate",19,01-04-2019
167572,sr_legacy_food,"Ice creams, vanilla, light",19,01-04-2019
167573,sr_legacy_food,"Ice creams, vanilla, rich",19,01-04-2019
167574,sr_legacy_food,"Desserts, flan, caramel custard, prepared-from-recipe",19,01-04-2019
167575,sr_legacy_food,"Ice creams, vanilla",19,01-04-2019
167576,sr_legacy_food,"Ice creams, vanilla, light, soft-serve",19,01-04-2019
167577,sr_legacy_food,"Sherbet, orange",19,01-04-2019
167578,sr_legacy_food,"Candies, fudge, peanut butter, prepared-from-recipe",19,01-04-2019
167579,sr_legacy_food,"Candies, fudge, vanilla, prepared-from-recipe",19,01-04-2019
167580,sr_legacy_food,"Candies, fudge, vanilla with nuts",19,01-04-2019
167581,sr_legacy_food,"Candies, NESTLE, GOOBERS Chocolate Covered Peanuts",19,01-04-2019
167582,sr_legacy_food,"Candies, NESTLE, BABY RUTH Bar",19,01-04-2019
167583,sr_legacy_food,"Candies, TWIZZLERS Strawberry Twists Candy",19,01-04-2019
167584,sr_legacy_food,"Syrups, table blends, pancake, with butter",19,01-04-2019
167585,sr_legacy_food,"Ice creams, chocolate, light",19,01-04-2019
167586,sr_legacy_food,"Candies, NESTLE, CHUNKY Bar",19,01-04-2019
167587,sr_legacy_food,"Candies, milk chocolate",19,01-04-2019
167588,sr_legacy_food,"Puddings, banana, dry mix, instant, prepared with 2% milk",19,01-04-2019
167589,sr_legacy_food,"Puddings, banana, dry mix, regular, prepared with 2% milk",19,01-04-2019
167590,sr_legacy_food,"Andrea's, Gluten Free Soft Dinner Roll",18,01-04-2019
167591,sr_legacy_food,"Crunchmaster, Multi-Grain Crisps, Snack Crackers, Gluten-Free",18,01-04-2019
167592,sr_legacy_food,"Glutino, Gluten Free Cookies, Chocolate Vanilla Creme",18,01-04-2019
167593,sr_legacy_food,"Glutino, Gluten Free Cookies, Vanilla Creme",18,01-04-2019
167594,sr_legacy_food,"Pepperidge Farm, Goldfish, Baked Snack Crackers, Original",18,01-04-2019
167595,sr_legacy_food,"Pepperidge Farm, Goldfish, Baked Snack Crackers, Parmesan",18,01-04-2019
167596,sr_legacy_food,"Pepperidge Farm, Goldfish, Baked Snack Crackers, Pizza",18,01-04-2019
167597,sr_legacy_food,"Rudi's, Gluten-Free Bakery, Original Sandwich Bread",18,01-04-2019
167598,sr_legacy_food,"Udi's, Gluten Free, Soft & Delicious White Sandwich Bread",18,01-04-2019
167599,sr_legacy_food,"Udi's, Gluten Free, Soft & Hearty Whole Grain Bread",18,01-04-2019
167600,sr_legacy_food,"Udi's, Gluten Free, Whole Grain Dinner Rolls",18,01-04-2019
167601,sr_legacy_food,"Van's, Gluten Free, Totally Original Pancakes",18,01-04-2019
167602,sr_legacy_food,"Seaweed, Canadian Cultivated EMI-TSUNOMATA, dry",11,01-04-2019
167603,sr_legacy_food,"Seaweed, Canadian Cultivated EMI-TSUNOMATA, rehydrated",11,01-04-2019
167604,sr_legacy_food,"Potatoes, hash brown, refrigerated, unprepared",11,01-04-2019
167605,sr_legacy_food,"Potatoes, hash brown, refrigerated, prepared, pan-fried in canola oil",11,01-04-2019
167606,sr_legacy_food,"Sweet Potatoes, french fried, frozen as packaged, salt added in processing",11,01-04-2019
167607,sr_legacy_food,"Moose, meat, raw (Alaska Native)",24,01-04-2019
167608,sr_legacy_food,"Mashu roots, raw (Alaska Native)",24,01-04-2019
167609,sr_legacy_food,"Moose, liver, braised (Alaska Native)",24,01-04-2019
167610,sr_legacy_food,"Seal, bearded (Oogruk), meat, raw (Alaska Native)",24,01-04-2019
167611,sr_legacy_food,"Oil, bearded seal (Oogruk) (Alaska Native)",24,01-04-2019
167612,sr_legacy_food,"Oopah (tunicate), whole animal (Alaska Native)",24,01-04-2019
167613,sr_legacy_food,"Owl, horned, flesh, raw (Alaska Native)",24,01-04-2019
167614,sr_legacy_food,"Fish, salmon, king, chinook, smoked and canned (Alaska Native)",24,01-04-2019
167615,sr_legacy_food,"Fish, salmon, king, chinook, smoked, brined (Alaska Native)",24,01-04-2019
167616,sr_legacy_food,"Fish, salmon, king, chinook, liver (Alaska Native)",24,01-04-2019
167617,sr_legacy_food,"Duck, scoter, white-winged, meat (Alaska Native)",24,01-04-2019
167618,sr_legacy_food,"Sea cucumber, yane (Alaska Native)",24,01-04-2019
167619,sr_legacy_food,"Squirrel, ground, meat (Alaska Native)",24,01-04-2019
167620,sr_legacy_food,"Tea, tundra, herb and laborador combination (Alaska Native)",24,01-04-2019
167621,sr_legacy_food,"Walrus, meat, dried (Alaska Native)",24,01-04-2019
167622,sr_legacy_food,"Deer (venison), sitka, raw (Alaska Native)",24,01-04-2019
167623,sr_legacy_food,"Whale, bowhead, subcutaneous fat (blubber) (Alaska Native)",24,01-04-2019
167624,sr_legacy_food,"Whale, bowhead, skin and subcutaneous fat (muktuk) (Alaska Native)",24,01-04-2019
167625,sr_legacy_food,"Oil, whale, bowhead (Alaska Native)",24,01-04-2019
167626,sr_legacy_food,"Fish, whitefish, broad, liver (Alaska Native)",24,01-04-2019
167627,sr_legacy_food,"Mush, blue corn with ash (Navajo)",24,01-04-2019
167628,sr_legacy_food,"Cornmeal, blue (Navajo)",24,01-04-2019
167629,sr_legacy_food,"Melon, banana (Navajo)",24,01-04-2019
167630,sr_legacy_food,Chilchen (Red Berry Beverage) (Navajo),24,01-04-2019
167631,sr_legacy_food,"Corn, dried (Navajo)",24,01-04-2019
167632,sr_legacy_food,"Squash, Indian, cooked, boiled (Navajo)",24,01-04-2019
167633,sr_legacy_food,"Bread, kneel down (Navajo)",24,01-04-2019
167634,sr_legacy_food,"Mutton, cooked, roasted (Navajo)",24,01-04-2019
167635,sr_legacy_food,"Frybread, made with lard (Navajo)",24,01-04-2019
167636,sr_legacy_food,Tamales (Navajo),24,01-04-2019
167637,sr_legacy_food,"Stew, steamed corn (Navajo)",24,01-04-2019
167638,sr_legacy_food,"Fish, halibut, raw, with skin (Alaska Native)",24,01-04-2019
167639,sr_legacy_food,"Fish, salmon, coho (silver), raw (Alaska Native)",24,01-04-2019
167640,sr_legacy_food,"Blueberries, wild, raw (Alaska Native)",24,01-04-2019
167641,sr_legacy_food,"Oil, spotted seal (Alaska Native)",24,01-04-2019
167642,sr_legacy_food,"Fish, salmon, red, canned, bones removed (Alaska Native)",24,01-04-2019
167643,sr_legacy_food,"Fish, whitefish, eggs (Alaska Native)",24,01-04-2019
167644,sr_legacy_food,"Caribou, rump meat, half dried (Alaska Native)",24,01-04-2019
167645,sr_legacy_food,"Fish, salmon, red, (sockeye), canned, smoked (Alaska Native)",24,01-04-2019
167646,sr_legacy_food,"Fish, salmon, red, (sockeye), kippered (Alaska Native)",24,01-04-2019
167647,sr_legacy_food,"Fish, salmon, king, with skin, kippered, (Alaska Native)",24,01-04-2019
167648,sr_legacy_food,"Fish, sheefish, raw (Alaska Native)",24,01-04-2019
167649,sr_legacy_food,"Buffalo, free range, top round steak, raw (Shoshone Bannock)",24,01-04-2019
167650,sr_legacy_food,"Seal, bearded (Oogruk), meat, partially dried (Alaska Native)",24,01-04-2019
167651,sr_legacy_food,"Buffalo, free range, top round steak, cooked (Shoshone Bannock)",24,01-04-2019
167652,sr_legacy_food,"Elk, free range, roast, eye of round, raw (Shoshone Bannock)",24,01-04-2019
167653,sr_legacy_food,"Corn, dried, yellow (Northern Plains Indians)",24,01-04-2019
167654,sr_legacy_food,"Smelt, dried (Alaska Native)",24,01-04-2019
167655,sr_legacy_food,"Frybread, made with lard (Apache)",24,01-04-2019
167656,sr_legacy_food,Corned beef and potatoes in tortilla (Apache),24,01-04-2019
167657,sr_legacy_food,"ON THE BORDER, soft taco with ground beef, cheese and lettuce",25,01-04-2019
167658,sr_legacy_food,"Restaurant, Mexican, soft taco with ground beef, cheese and lettuce",25,01-04-2019
167659,sr_legacy_food,"Restaurant, Latino, chicken and rice, entree, prepared",25,01-04-2019
167660,sr_legacy_food,"Restaurant, Latino, empanadas, beef, prepared",25,01-04-2019
167661,sr_legacy_food,"Restaurant, Latino, pupusas con frijoles (pupusas, bean)",25,01-04-2019
167662,sr_legacy_food,"Restaurant, Latino, pupusas con queso (pupusas, cheese)",25,01-04-2019
167663,sr_legacy_food,"Restaurant, Latino, pupusas del cerdo (pupusas, pork)",25,01-04-2019
167664,sr_legacy_food,"Restaurant, Latino, tamale, corn",25,01-04-2019
167665,sr_legacy_food,"Restaurant, Mexican, spanish rice",25,01-04-2019
167666,sr_legacy_food,"Restaurant, Mexican, refried beans",25,01-04-2019
167667,sr_legacy_food,"Restaurant, Chinese, egg rolls, assorted",25,01-04-2019
167668,sr_legacy_food,"Restaurant, Chinese, fried rice, without meat",25,01-04-2019
167669,sr_legacy_food,"CRACKER BARREL, steak fries",25,01-04-2019
167670,sr_legacy_food,"CRACKER BARREL, grilled sirloin steak",25,01-04-2019
167671,sr_legacy_food,"CRACKER BARREL, macaroni n' cheese plate, from kid's menu",25,01-04-2019
167672,sr_legacy_food,"DENNY'S, french fries",25,01-04-2019
